Cand;objID;RAJ2000.;DEJ2000.;Grade;z;imag;Notes;r_z;SimbadName
DESJ0002-3507 ;139741252;000.59845;-35.12122; 2.3; 0.51; 19.2;   ;        ;DES J000223.62-350716.3
DESJ0003-3348 ;139823797;000.81825;-33.80120; 2.7; 0.68; 19.3;   ;        ;DES J000316.38-334804.3
DESJ0006-4429 ;142775105;001.68592;-44.49735; 2.0; 0.53; 18.6;a  ;       1;[DBL2017] DES J0006-4429 (A)
DESJ0007-4434 ;142779522;001.87201;-44.57949; 3.0; 0.52; 18.1;a  ;       1;[DBL2017] DES J0007-4434 (A)
DESJ0010-4315 ;182452355;002.62678;-43.25413; 2.3; 0.84; 19.9;d  ;        ;DES J001030.42-431514.8
DESJ0011-4614 ;182003535;002.97135;-46.23942; 3.0; 0.60; 18.5;a,d;     1,2;[DBL2017] DES J0011-4614 (A)
DESJ0013+0040 ;179698697;003.29016;+00.66767; 2.3; 0.75; 20.0;   ;        ;DES J001309.63+004003.6
DESJ0013-0335 ;180799530;003.29224;-03.59597; 2.3; 0.53; 19.1;   ;        ;DES J001310.13-033545.4
DESJ0013-4239 ;184282860;003.38649;-42.65808; 2.0; 0.89; 20.0;   ;        ;DES J001332.75-423929.0
DESJ0014+0041 ;179696961;003.60116;+00.69596; 2.0; 0.59; 19.4;   ;        ;DES J001424.27+004145.4
DESJ0015-0230 ;181705322;003.96725;-02.51252; 2.0; 0.77; 20.1;   ;        ;DES J001552.14-023045.0
DESJ0015-4636 ;190717082;003.92831;-46.60305; 2.3; 0.44; 18.4;   ;        ;DES J001542.79-463610.9
DESJ0017+0158 ;189671458;004.32556;+01.97183; 2.0; 0.75; 18.8;   ;        ;DES J001718.13+015818.5
DESJ0018-4549 ;191052533;004.50945;-45.82622; 2.3; 0.51; 18.9;   ;        ;DES J001802.26-454934.3
DESJ0019-4136 ;189506468;004.81803;-41.61405; 2.0; 0.49; 18.5;   ;        ;DES J001916.32-413650.5
DESJ0021-4040 ;195762492;005.39182;-40.66717; 2.0; 0.56; 18.6;a  ;       1;[DBL2017] DES J0021-4040 (A)
DESJ0024-3400 ;204184446;006.23732;-34.01479; 2.7; 0.69; 19.5;   ;        ;DES J002456.95-340053.2
DESJ0025-3139 ;199018206;006.29223;-31.65755; 2.7; 0.45; 19.4;   ;        ;DES J002510.13-313927.1
DESJ0026-5504 ;204588321;006.52789;-55.07581; 2.0; 0.40; 17.2;   ;        ;DES J002606.69-550432.9
DESJ0027-0413 ;202591480;006.75025;-04.22321; 3.0; 0.57; 18.0;   ;        ;DES J002700.08-041323.6
DESJ0028-5108 ;147213612;007.19578;-51.14695; 2.3; 0.60; 19.1;   ;        ;DES J002846.98-510849.0
DESJ0031-6420 ;150263838;007.83200;-64.34380; 2.3; 0.64; 20.1;   ;        ;DES J003119.68-642037.6
DESJ0034-2405 ;208995017;008.52670;-24.09052; 2.3; 0.50; 19.8;   ;        ;DES J003406.40-240525.8
DESJ0035-2526 ;210368868;008.78153;-25.44932; 2.7; 0.74; 19.5;   ;        ;DES J003507.56-252657.5
DESJ0037-4131 ;154676430;009.36280;-41.53054; 3.0; 0.67; 19.8;a  ;       1;[DBL2017] DES J0037-4131 (A)
DESJ0038-2936 ;157799078;009.69256;-29.60189; 2.7; 0.73; 20.4;d  ;        ;DES J003846.21-293606.8
DESJ0040-3732 ;157101125;010.16456;-37.54704; 2.7; 0.71; 20.0;   ;        ;DES J004039.49-373249.3
DESJ0041-0043 ;157857664;010.28753;-00.73025; 2.7; 0.53; 19.0;a,d;       3;2SLAQ J004109.01-004349.2
DESJ0042-3718 ;272459491;010.73881;-37.31623; 2.7; 0.77; 20.2;   ;        ;DES J004257.31-371858.4
DESJ0046+0127 ;273530428;011.74831;+01.46004; 2.0; 0.55; 19.4;   ;        ;DES J004659.59+012736.1
DESJ0046-0156 ;274369747;011.50837;-01.94118; 2.0; 0.64; 18.7;   ;        ;DES J004602.00-015628.2
DESJ0046-5741 ;273462967;011.55797;-57.69931; 2.3; 0.41; 16.7;d  ;        ;LEDA 386743
DESJ0047-2905 ;274128225;011.75654;-29.08823; 2.0; 0.35; 17.5;   ;        ;DES J004701.56-290517.6
DESJ0048+0311 ;275754958;012.11340;+03.18808; 2.7; 0.39; 18.0;   ;        ;DES J004827.21+031117.0
DESJ0050-1720 ;276477563;012.73017;-17.34235; 2.3; 0.59; 19.4;   ;        ;DES J005055.24-172032.4
DESJ0050-4651 ;278178553;012.55113;-46.86210; 2.7; 0.73; 20.1;   ;        ;DES J005012.27-465143.5
DESJ0052-4650 ;278177446;013.05359;-46.84080; 2.7; 0.52; 18.3;a  ;       1;[DBL2017] DES J0052-4650 (A)
DESJ0053-0502 ;280210635;013.41314;-05.03359; 2.0; 0.54; 19.0;   ;        ;DES J005339.15-050200.9
DESJ0056-4117 ;284471622;014.21105;-41.29355; 2.3; 0.74; 20.0;   ;        ;DES J005650.65-411736.7
DESJ0057-5905 ;287581455;014.39678;-59.08847; 2.3; 0.65; 19.8;   ;        ;DES J005735.22-590518.4
DESJ0058-2317 ;284406080;014.52023;-23.28713; 2.0; 0.83; 19.9;   ;        ;DES J005804.85-231713.6
DESJ0058-5201 ;283879328;014.64465;-52.03323; 2.7; 0.66; 19.1;   ;        ;DES J005834.71-520159.6
DESJ0101-2126 ;289119426;015.49817;-21.44871; 2.7; 0.47; 17.6;c  ;        ;DES J010159.56-212655.3
DESJ0101-3343 ;290880302;015.36604;-33.72201; 3.0; 0.63; 18.7;a  ;      21;DES J010127.84-334319.2
DESJ0101-4917 ;290048397;015.49182;-49.29394; 3.0; 0.77; 19.7;   ;        ;DES J010158.03-491738.1
DESJ0102+0158 ;289961235;015.65959;+01.98243; 3.0; 0.81; 19.7;   ;        ;DES J010238.30+015856.7
DESJ0102-1500 ;289516803;015.51229;-15.00786; 2.0; 0.45; 17.6;   ;        ;DES J010202.94-150028.2
DESJ0102-2911 ;291358790;015.73954;-29.18939; 2.7; 0.41; 16.9;c,d;        ;DES J010257.48-291121.8
DESJ0103-4322 ;289419858;015.77502;-43.38144; 2.3; 0.62; 19.9;   ;        ;DES J010306.00-432253.1
DESJ0105+0144 ;291983478;016.33185;+01.74904; 3.0; 0.44; 17.8;a  ;       4;[SAB2013] SDSS J0105+0145 lens
DESJ0105-2952 ;293813558;016.37624;-29.88030; 2.3; 0.73; 19.5;   ;        ;DES J010530.29-295249.0
DESJ0105-3725 ;300793100;016.45017;-37.42846; 2.0; 0.52; 18.9;   ;        ;DES J010548.04-372542.4
DESJ0105-3939 ;293220440;016.41856;-39.65728; 2.0; 0.43; 17.8;   ;        ;DES J010540.45-393926.2
DESJ0106-4432 ;293872042;016.74639;-44.53373; 3.0; 0.51; 19.3;   ;        ;DES J010659.13-443201.4
DESJ0106-6258 ;293662059;016.71496;-62.97051; 2.3; 0.75; 19.5;   ;        ;DES J010651.59-625813.8
DESJ0109-0455 ;295037190;017.29452;-04.91948; 2.0; 0.70; 19.4;d  ;        ;DES J010910.68-045510.1
DESJ0109-3335 ;301649992;017.46945;-33.59256; 2.2; 0.61; 17.8;b  ;        ;DES J010952.66-333533.2
DESJ0112-0434 ;297291474;018.07535;-04.58298; 2.0; 0.55; 19.2;   ;        ;DES J011218.08-043458.7
DESJ0112-1902 ;297683272;018.17142;-19.04563; 2.0; 0.63; 18.8;   ;        ;DES J011241.14-190244.2
DESJ0112-5509 ;298183415;018.17438;-55.16470; 2.3; 0.79; 20.1;   ;        ;DES J011241.85-550952.9
DESJ0113-2924 ;298513392;018.48794;-29.41090; 2.7; 0.62; 20.1;   ;        ;DES J011357.10-292439.2
DESJ0114-3613 ;304672421;018.53489;-36.22043; 2.7; 0.53; 19.0;   ;        ;DES J011408.37-361313.5
DESJ0115-3520 ;299965546;018.92008;-35.33872; 2.7; 0.55; 18.7;   ;        ;DES J011540.81-352019.3
DESJ0116-2437 ;303683708;019.19494;-24.61724; 2.3; 0.49; 18.9;   ;        ;DES J011646.78-243702.0
DESJ0116-2812 ;306051370;019.03047;-28.20691; 2.3; 0.57; 19.4;   ;        ;DES J011607.31-281224.8
DESJ0117-0527 ;306602282;019.49477;-05.45492; 3.0; 0.57; 19.4;   ;        ;DES J011758.74-052717.7
DESJ0117-2428 ;305408672;019.48697;-24.47351; 2.3; 0.60; 19.6;   ;        ;DES J011756.87-242824.6
DESJ0118-6156 ;356474720;019.67740;-61.93700; 2.7; 0.36; 17.9;d  ;        ;DES J011842.57-615613.2
DESJ0120-1524 ;352509235;020.21765;-15.40024; 2.7; 0.14; 19.8;   ;        ;DES J012052.23-152400.8
DESJ0120-1820 ;354176405;020.10736;-18.33381; 2.7; 0.56; 19.7;   ;        ;DES J012025.76-182001.7
DESJ0120-5143 ;356634575;020.17597;-51.73141; 3.0; 0.53; 18.9;a  ;       1;[DBL2017] DES J0120-5143 (A)
DESJ0121-2430 ;350999635;020.28930;-24.51592; 2.3; 0.46; 18.6;   ;        ;DES J012109.43-243057.3
DESJ0122-3654 ;217857957;020.61365;-36.90738; 2.0; 0.46; 18.2;   ;        ;DES J012227.27-365426.5
DESJ0122-5837 ;217795122;020.50437;-58.62184; 2.3; 0.50; 19.4;a  ;       1;[DBL2017] DES J0122-5837 (A)
DESJ0124-0157 ;221584166;021.17193;-01.95944; 2.0; 0.82; 20.5;   ;        ;DES J012441.26-015733.9
DESJ0124-1443 ;223066247;021.22109;-14.71738; 2.7; 0.46; 18.6;   ;        ;DES J012453.06-144302.5
DESJ0124-2401 ;217262328;021.08599;-24.02993; 2.7; 0.65; 19.0;   ;        ;DES J012420.63-240147.7
DESJ0124-2918 ;222540376;021.11886;-29.31561; 2.0; 0.52; 19.1;   ;        ;DES J012428.52-291856.1
DESJ0124-5207 ;219528181;021.13009;-52.11745; 3.0; 0.89; 20.7;   ;        ;DES J012431.22-520702.8
DESJ0125-3645 ;266734513;021.26461;-36.76638; 2.7; 0.77; 19.5;   ;        ;DES J012503.50-364558.9
DESJ0125-4142 ;224929412;021.38994;-41.70499; 2.7; 0.58; 19.7;a  ;       1;[DBL2017] DES J0125-4142 (A)
DESJ0126-1316 ;223750447;021.54952;-13.27835; 2.7; 0.71; 20.0;   ;        ;DES J012611.88-131642.0
DESJ0127-4532 ;226005640;021.97158;-45.54274; 3.0; 0.54; 19.2;   ;        ;DES J012753.17-453233.8
DESJ0129-1142 ;223226715;022.38341;-11.70389; 2.0; 0.40; 18.7;   ;        ;DES J012932.01-114214.0
DESJ0130-1520 ;226417019;022.61039;-15.33691; 2.7; 0.63; 18.9;   ;        ;DES J013026.49-152012.8
DESJ0130-1600 ;226454845;022.71060;-16.00237; 2.3; 0.67; 19.3;   ;        ;DES J013050.54-160008.5
DESJ0130-3744 ;227384193;022.51201;-37.74938; 3.0; 0.68; 18.6;d  ;        ;DES J013002.88-374457.7
DESJ0132-4707 ;229648634;023.20825;-47.12700; 2.0; 0.65; 19.2;   ;        ;DES J013249.98-470737.2
DESJ0133-1252 ;229855710;023.34212;-12.86700; 3.0; 0.71; 19.9;   ;        ;DES J013322.10-125201.2
DESJ0133-3137 ;231118197;023.36279;-31.61788; 2.0; 0.64; 20.0;   ;        ;DES J013327.06-313704.3
DESJ0133-6434 ;231207919;023.47773;-64.57028; 3.0; 0.39; 17.3;   ;        ;DES J013354.65-643413.0
DESJ0134-2007 ;231379862;023.51597;-20.11916; 2.3; 0.82; 20.1;   ;        ;DES J013403.83-200708.9
DESJ0134-2910 ;233143229;023.56563;-29.17774; 2.3; 0.48; 19.5;   ;        ;DES J013415.75-291039.8
DESJ0135-1724 ;232664847;023.81460;-17.40428; 2.0; 0.59; 20.1;d  ;        ;DES J013515.50-172415.4
DESJ0135-2033 ;234710389;023.92831;-20.55986; 3.0; 0.60; 18.6;   ;        ;DES J013542.79-203335.4
DESJ0135-4232 ;233214974;023.84512;-42.53987; 3.0; 0.41; 18.3;a  ;       1;DES J013522.82-423223.5
DESJ0136+0008 ;232681341;024.16310;+00.13836; 2.0; 0.39; 17.3;   ;        ;[YHW2016] 024.16301+00.13833
DESJ0136-1946 ;234789337;024.17633;-19.76814; 2.0; 0.56; 20.0;d  ;        ;DES J013642.31-194605.3
DESJ0136-2200 ;233940448;024.21191;-22.00758; 2.3; 0.65; 19.4;   ;        ;DES J013650.85-220027.2
DESJ0137-0830 ;232424091;024.32850;-08.51552; 2.3; 0.51; 19.2;   ;        ;DES J013718.84-083055.8
DESJ0138-2844 ;235536548;024.59567;-28.73555; 3.0; 0.44; 18.6;d  ;        ;DES J013822.96-284407.9
DESJ0141-1713 ;250156458;025.27558;-17.22326; 2.7; 0.61; 19.0;   ;        ;DES J014106.13-171323.7
DESJ0141-4040 ;249306554;025.39168;-40.67592; 3.0; 0.73; 19.5;   ;        ;DES J014134.00-404033.3
DESJ0142-1648 ;250131070;025.64570;-16.80487; 3.0; 0.60; 19.5;   ;        ;DES J014234.96-164817.5
DESJ0142-1831 ;266036534;025.72030;-18.52105; 3.0; 0.69; 19.0;   ;        ;DES J014252.87-183115.7
DESJ0143-0850 ;266637953;025.86222;-08.83925; 3.0; 0.68; 19.6;   ;        ;DES J014326.93-085021.3
DESJ0143-5010 ;252503033;025.80483;-50.17021; 2.0; 0.83; 20.2;   ;        ;DES J014313.15-501012.7
DESJ0144-0007 ;250028514;026.01673;-00.12953; 2.0; 0.55; 19.0;   ;        ;DES J014404.01-000746.3
DESJ0144-1142 ;266563942;026.13855;-11.70328; 2.7; 0.20; 20.5;c  ;        ;DES J014433.25-114211.8
DESJ0145+0402 ;266307302;026.48478;+04.04139; 2.7; 0.66; 19.8;   ;        ;DES J014556.34+040229.0
DESJ0145-0455 ;266806536;026.26791;-04.93084; 2.7; 0.60; 19.0;a  ;      20;[SAB2013] SDSS J0145-0455 lens
DESJ0145-3541 ;269158080;026.44493;-35.69093; 3.0; 0.49; 18.8;   ;        ;DES J014546.78-354127.3
DESJ0146-0929 ;267163838;026.73342;-09.49779; 3.0; 0.46; 17.4;b  ;        ;DES J014656.02-092952.0
DESJ0147-1206 ;268993332;026.80800;-12.11332; 2.3; 0.64; 20.2;d  ;        ;DES J014713.92-120647.9
DESJ0147-4726 ;258039666;026.92084;-47.44452; 2.3; 0.47; 18.8;a,d;       1;[DBL2017] DES J0147-4726 (A)
DESJ0148-2251 ;254368847;027.13131;-22.85774; 2.3; 0.62; 19.2;d  ;        ;DES J014831.51-225127.8
DESJ0149-1306 ;258360663;027.47387;-13.10269; 2.7; 0.78; 20.1;   ;        ;DES J014953.72-130609.6
DESJ0149-1349 ;257546600;027.32835;-13.81795; 2.7; 0.84; 20.3;   ;        ;DES J014918.80-134904.6
DESJ0149-1658 ;256687047;027.27158;-16.98188; 2.3; 0.63; 18.6;d  ;        ;DES J014905.17-165854.7
DESJ0149-3137 ;257110637;027.28328;-31.62730; 2.7; 0.71; 19.1;   ;        ;DES J014907.98-313738.2
DESJ0149-3806 ;254428301;027.43714;-38.11493; 2.3; 0.54; 18.6;   ;        ;DES J014944.91-380653.7
DESJ0149-3825 ;255329067;027.35922;-38.42540; 2.7; 0.40; 17.9;   ;        ;2MFGC 1370
DESJ0150-0242 ;258491830;027.67649;-02.70180; 2.0; 0.62; 19.6;   ;        ;DES J015042.35-024206.4
DESJ0150-0304 ;253888373;027.53794;-03.07730; 3.0; 0.68; 20.4;d  ;        ;DES J015009.10-030438.2
DESJ0150-2216 ;255897453;027.70849;-22.27092; 2.7; 0.41; 18.2;d  ;        ;DES J015050.03-221615.3
DESJ0151-3237 ;257318192;027.95172;-32.62105; 2.3; 0.44; 17.3;b  ;        ;DES J015148.41-323715.7
DESJ0152-5838 ;263627869;028.06807;-58.64509; 2.3; 0.48; 19.0;   ;        ;DES J015216.33-583842.3
DESJ0153-1351 ;260170996;028.33026;-13.85861; 2.3; 0.41; 19.9;   ;        ;DES J015319.26-135130.9
DESJ0154-4828 ;258225641;028.71909;-48.48199; 2.3; 0.40; 17.6;   ;        ;DES J015452.58-482855.1
DESJ0156-1011 ;151384552;029.17803;-10.18339; 2.3; 0.76; 19.7;   ;        ;DES J015642.72-101100.2
DESJ0156-6417 ;270068234;029.01120;-64.29168; 2.0; 0.70; 19.6;   ;        ;DES J015602.68-641730.0
DESJ0157-5311 ;262725875;029.46787;-53.19866; 2.3; 0.78; 19.1;   ;        ;DES J015752.28-531155.1
DESJ0158-0039 ; 62581880;029.60320;-00.66649; 2.7; 0.60; 19.1;   ;        ;DES J015824.76-003959.3
DESJ0158-1301 ; 61814814;029.68192;-13.02580; 2.0; 0.50; 18.6;   ;        ;DES J015843.66-130132.8
DESJ0158-2912 ; 61748499;029.56390;-29.20502; 2.7; 0.65; 18.6;d  ;        ;DES J015815.33-291218.0
DESJ0159-1856 ; 63651238;029.78989;-18.94999; 2.3; 0.40; 18.0;d  ;        ;DES J015909.57-185659.9
DESJ0159-3413 ; 65150639;029.76662;-34.21786; 2.5; 0.47; 17.4;b  ;        ;DES J015903.98-341304.2
DESJ0159-4317 ; 64583005;029.87848;-43.29910; 2.0; 0.45; 18.4;   ;        ;DES J015930.83-431756.7
DESJ0159-4818 ; 67328558;029.94591;-48.30353; 2.3; 0.71; 19.8;   ;        ;DES J015947.01-481812.7
DESJ0201-1551 ; 63636548;030.28319;-15.85473; 2.7; 0.49; 18.6;d  ;        ;DES J020107.96-155117.0
DESJ0201-2739 ; 66305304;030.43611;-27.66177; 3.0; 0.88; 20.6;   ;        ;DES J020144.66-273942.3
DESJ0202-2156 ; 66995978;030.64198;-21.93967; 2.0; 0.41; 18.2;b  ;        ;DES J020234.07-215622.8
DESJ0202-2445 ; 69413913;030.52770;-24.75106; 2.3; 0.71; 19.4;   ;        ;DES J020206.64-244503.8
DESJ0202-4105 ; 68398953;030.62112;-41.08867; 2.0; 0.78; 19.2;   ;        ;DES J020229.06-410519.2
DESJ0203-2338 ; 67920213;030.76671;-23.63405; 3.0; 0.62; 18.9;c  ;        ;DES J020304.01-233802.5
DESJ0205-0123 ; 69436305;031.32083;-01.38902; 2.7; 0.69; 19.6;   ;        ;DES J020516.99-012320.4
DESJ0205-0208 ; 70123404;031.48689;-02.14297; 2.0; 0.59; 19.2;a  ;      19;DES J020556.85-020834.6
DESJ0205-3539 ; 68181311;031.35872;-35.66317; 2.7; 0.45; 17.7;   ;        ;DES J020526.09-353947.4
DESJ0205-4038 ; 75249343;031.27043;-40.64118; 2.0; 0.58; 19.3;a  ;       1;DES J020504.90-403828.2
DESJ0206-0114 ; 69428156;031.55611;-01.23817; 2.3; 0.77; 19.2;   ;        ;SDSS J020613.46-011417.1
DESJ0206-1807 ; 74397517;031.71314;-18.12256; 2.3; 0.75; 20.2;   ;        ;DES J020651.15-180721.2
DESJ0206-2054 ; 78494330;031.59147;-20.90561; 2.3; 0.62; 19.4;   ;        ;DES J020621.95-205420.1
DESJ0207-2726 ; 79306856;031.77773;-27.44577; 2.7; 0.42; 17.3;c  ;        ;DES J020706.65-272644.7
DESJ0209-0643 ; 77958138;032.37218;-06.71994; 2.0; 0.42; 18.3;a  ;       5;[MCM2012] SA14 lens
DESJ0210-0119 ; 87141292;032.70906;-01.31827; 2.0; 0.67; 20.0;d  ;        ;DES J021050.17-011905.7
DESJ0210-5351 ; 87591843;032.65344;-53.86460; 2.7; 0.51; 19.7;   ;        ;DES J021036.82-535152.5
DESJ0212-0852 ; 90442652;033.10507;-08.86967; 2.7; 0.69; 19.5;a  ;       6;[MVM2016] SW45
DESJ0214-0206 ; 92012386;033.53333;-02.10789; 2.0; 0.67; 19.3;   ;        ;DES J021407.99-020628.4
DESJ0215-2909 ;152641072;033.80953;-29.15711; 2.7; 0.70; 19.9;   ;        ;DES J021514.28-290925.5
DESJ0216-2920 ;100388067;034.12915;-29.33520; 2.0; 0.55; 19.9;   ;        ;DES J021630.99-292006.7
DESJ0217-0513 ;101828110;034.40483;-05.22483; 2.7; 0.55; 19.7;a,d;  7,8,22;DES J021737.15-051329.3
DESJ0220-3833 ;111920425;035.24032;-38.55092; 3.0; 0.42; 17.6;c  ;        ;DES J022057.67-383303.3
DESJ0220-4530 ;113247709;035.17619;-45.50086; 2.3; 0.86; 20.1;   ;        ;DES J022042.28-453003.0
DESJ0220-5335 ;109454820;035.05973;-53.58636; 2.3; 0.79; 20.1;   ;        ;DES J022014.33-533510.8
DESJ0221-0210 ;112068778;035.41721;-02.17230; 2.3; 0.57; 19.6;a  ;      19;SDSS J022140.16-021020.8
DESJ0225-0737 ;118955435;036.44218;-07.62732; 2.3; 0.58; 18.6;a,d;       7;[MCM2012] SA50 lens
DESJ0225-1505 ;116423633;036.44888;-15.09220; 2.3; 0.67; 19.3;   ;        ;DES J022547.73-150531.9
DESJ0226+0206 ;117170717;036.62452;+02.11304; 2.0; 0.60; 20.2;d  ;        ;DES J022629.88+020646.9
DESJ0227-4718 ;118887468;036.78734;-47.31550; 3.0; 0.68; 18.6;   ;        ;DES J022708.96-471855.8
DESJ0228-5547 ;131561232;037.18616;-55.79889; 2.0; 0.47; 18.0;d  ;        ;DES J022844.67-554756.0
DESJ0229-0338 ;121270216;037.37707;-03.64339; 2.0; 0.64; 19.4;a  ;      19;DES J022930.49-033836.2
DESJ0229-2908 ;128509254;037.37911;-29.13786; 3.0; 0.87; 20.0;   ;        ;DES J022930.98-290816.2
DESJ0230-3122 ;133666062;037.56991;-31.36689; 2.3; 0.48; 19.2;   ;        ;DES J023016.77-312200.8
DESJ0232+0013 ;129621911;038.04683;+00.22756; 2.3; 0.81; 20.0;d  ;        ;DES J023211.23+001339.2
DESJ0232-0323 ;130346208;038.20774;-03.39054; 3.0; 0.47; 18.0;a,c;     1,4;[DBL2017] DES J0232-0323 (A)
DESJ0233-0438 ;306380750;038.27943;-04.64393; 2.0; 0.58; 19.6;a  ;    8,22;DES J023307.06-043838.1
DESJ0234-6222 ;308603002;038.64655;-62.38180; 2.3; 0.64; 19.5;   ;        ;DES J023435.17-622254.4
DESJ0235-4510 ;311169228;038.77465;-45.18173; 2.0; 0.69; 19.9;   ;        ;DES J023505.91-451054.2
DESJ0235-4818 ;308226924;038.86317;-48.30583; 2.0; 0.47; 19.6;   ;        ;DES J023527.16-481820.9
DESJ0236+0321 ;311007100;039.20024;+03.35832; 2.0; 0.41; 19.2;   ;        ;DES J023648.05+032129.9
DESJ0236-5121 ;358035059;039.00938;-51.36216; 2.3; 0.84; 19.4;a,d;       1;[DBL2017] DES J0236-5121 (A)
DESJ0237-0913 ;310489076;039.36384;-09.21903; 2.7; 0.82; 20.2;   ;        ;DES J023727.32-091308.5
DESJ0237-1801 ;311649867;039.43907;-18.01724; 2.7; 0.71; 20.0;   ;        ;DES J023745.37-180102.0
DESJ0239-0134 ;313249545;039.97131;-01.58221; 3.0; 0.44; 17.4;a,c;       9;BOW ACO 370 CC009
DESJ0239-2047 ;314286307;039.77696;-20.78834; 2.7; 0.64; 19.0;   ;        ;DES J023906.47-204718.0
DESJ0239-3211 ;312045408;039.87360;-32.19155; 3.0; 0.43; 18.8;   ;        ;DES J023929.66-321129.5
DESJ0239-4620 ;315501070;039.93357;-46.34466; 2.7; 0.40; 17.2;   ;        ;DES J023944.05-462040.7
DESJ0241-4115 ;316978966;040.27731;-41.25195; 3.0; 0.77; 20.4;   ;        ;DES J024106.55-411507.0
DESJ0241-5949 ;315606461;040.37339;-59.82580; 2.0; 0.58; 19.9;   ;        ;DES J024129.61-594932.8
DESJ0242-0207 ;317586407;040.56738;-02.13037; 2.7; 0.57; 19.8;   ;        ;DES J024216.17-020749.3
DESJ0242-2943 ;315970445;040.62048;-29.71815; 2.7; 0.47; 18.6;   ;        ;DES J024228.91-294305.3
DESJ0242-4811 ;318896675;040.68463;-48.19355; 2.3; 0.48; 19.1;   ;        ;DES J024244.31-481136.7
DESJ0243-0006 ;316036876;040.76267;-00.10005; 2.7; 0.45; 17.7;c  ;        ;DES J024303.04-000600.1
DESJ0243-2142 ;316505122;040.86666;-21.70053; 2.3; 0.59; 19.4;   ;        ;DES J024327.99-214201.9
DESJ0244-0008 ;322334792;041.17054;-00.14366; 2.3; 0.52; 19.4;   ;        ;DES J024440.92-000837.1
DESJ0244-3019 ;318630744;041.20595;-30.32132; 2.7; 0.67; 19.5;   ;        ;DES J024449.42-301916.7
DESJ0245-5129 ;322546320;041.46421;-51.49750; 2.7; 0.68; 18.8;a,d;       1;[DBL2017] DES J0245-5129 (A)
DESJ0245-5301 ;320239802;041.35337;-53.02927; 2.7; 0.39; 17.2;   ;        ;[RBB2014] J024524.82-530145.3
DESJ0247-3750 ;320382487;041.80879;-37.83504; 2.3; 0.39; 17.9;d  ;        ;DES J024714.10-375006.1
DESJ0247-4432 ;320576771;041.75052;-44.53640; 2.0; 0.74; 18.7;   ;        ;DES J024700.12-443211.0
DESJ0247-5917 ;323527567;041.77716;-59.29213; 2.7; 0.41; 17.5;a,d;       1;DES J024706.51-591731.6
DESJ0248-0331 ;323148175;042.01411;-03.52913; 3.0; 0.38; 15.6;b  ;        ;DES J024803.38-033144.8
DESJ0248-3955 ;320189990;042.03972;-39.93008; 3.0; 0.66; 19.1;c  ;        ;DES J024809.53-395548.2
DESJ0248-6054 ;322703225;042.24005;-60.90097; 2.7; 0.56; 19.2;   ;        ;DES J024857.61-605403.4
DESJ0249-5056 ;324524229;042.49448;-50.94399; 2.3; 0.60; 19.9;   ;        ;DES J024958.67-505638.3
DESJ0250-1610 ;324211306;042.71571;-16.16883; 2.3; 0.40; 17.7;   ;        ;DES J025051.77-161007.7
DESJ0250-1811 ;323759326;042.61404;-18.19468; 2.0; 0.67; 19.9;   ;        ;DES J025027.36-181140.8
DESJ0250-2545 ;325876415;042.58849;-25.75382; 2.3; 0.65; 19.6;   ;        ;DES J025021.23-254513.7
DESJ0250-5524 ;331348861;042.71781;-55.40325; 3.0; 0.75; 19.6;   ;        ;DES J025052.27-552411.7
DESJ0251-0613 ;324179816;042.93427;-06.22482; 2.7; 0.42; 17.4;   ;        ;DES J025144.22-061329.3
DESJ0251-1220 ;325171876;042.89705;-12.33367; 3.0; 0.46; 18.1;d  ;        ;DES J025135.29-122001.2
DESJ0252-2145 ;325350854;043.18031;-21.75937; 2.3; 0.45; 18.7;   ;        ;DES J025243.27-214533.7
DESJ0252-4732 ;325184579;043.08284;-47.54382; 2.3; 0.49; 18.4;a,d;       1;[DBL2017] DES J0252-4732 (A)
DESJ0253-1239 ;332638388;043.37844;-12.65088; 2.7; 0.68; 19.8;   ;        ;DES J025330.82-123903.1
DESJ0253-2050 ;326901259;043.41658;-20.83750; 2.0; 0.58; 18.8;   ;        ;DES J025339.97-205015.0
DESJ0253-3547 ;328771437;043.39711;-35.79207; 2.7; 0.66; 19.8;   ;        ;DES J025335.30-354731.4
DESJ0256-1215 ;350492611;044.01502;-12.25496; 2.7; 0.49; 18.1;   ;        ;DES J025603.60-121517.8
DESJ0256-2707 ;333129437;044.09736;-27.12183; 3.0; 0.76; 20.1;   ;        ;DES J025623.36-270718.5
DESJ0259-0804 ;332519880;044.95084;-08.07945; 2.3; 0.57; 19.0;   ;        ;DES J025948.20-080446.0
DESJ0259-1521 ;335268116;044.80894;-15.36354; 2.7; 0.44; 18.0;   ;        ;DES J025914.14-152148.7
DESJ0259-5206 ;337550755;044.85811;-52.11193; 2.3; 0.57; 17.8;d  ;        ;DES J025925.94-520642.9
DESJ0300-5001 ;335766992;045.09019;-50.02469; 3.0; 0.53; 18.4;a  ;       1;[DBL2017] DES J0300-5001 (A)
DESJ0300-5144 ;337527643;045.13631;-51.74562; 3.0; 0.61; 18.4;a  ;       1;[DBL2017] DES J0300-5144 (A)
DESJ0301-4426 ;337812631;045.46380;-44.44055; 2.3; 0.76; 20.2;   ;        ;DES J030151.31-442625.9
DESJ0302-2137 ;336668432;045.59119;-21.63207; 2.7; 0.48; 18.7;   ;        ;DES J030221.88-213755.4
DESJ0303-4626 ;341691067;045.95070;-46.44066; 2.7; 1.37; 20.7;a  ;       1;DES J030348.16-462626.3
DESJ0303-5023 ;338494005;045.96811;-50.39776; 2.0; 0.64; 19.7;   ;        ;DES J030352.34-502351.9
DESJ0304-4921 ;341631765;046.06729;-49.35725; 3.0; 0.34; 17.5;b  ;     1,2;DES J030416.14-492126.1
DESJ0304-5846 ;341516834;046.15722;-58.77995; 2.3; 0.73; 19.9;   ;        ;DES J030437.73-584647.8
DESJ0305-1024 ;341195944;046.27306;-10.40325; 2.0; 0.75; 20.1;d  ;        ;DES J030505.53-102411.7
DESJ0305-1636 ;337847674;046.31967;-16.60365; 2.3; 0.60; 18.9;d  ;        ;DES J030516.72-163613.1
DESJ0306-2304 ;342445367;046.69704;-23.07635; 2.3; 0.52; 19.0;   ;        ;DES J030647.28-230434.8
DESJ0307-1811 ;342297166;046.93881;-18.18558; 2.0; 0.26; 20.9;   ;        ;DES J030745.31-181108.0
DESJ0307-5042 ;344560939;046.96054;-50.70122; 2.3; 0.59; 18.4;b  ;     1,2;[DBL2017] DES J0307-5042 (A)
DESJ0307-6241 ;341257301;046.87411;-62.68482; 2.0; 0.48; 18.1;   ;        ;DES J030729.78-624105.3
DESJ0308-2106 ;343364859;047.20000;-21.10386; 3.0; 0.76; 20.2;d  ;        ;DES J030848.00-210613.8
DESJ0309-1332 ;342860023;047.33215;-13.53674; 2.0; 0.59; 19.8;d  ;        ;DES J030919.71-133212.2
DESJ0309-1437 ;343011680;047.43782;-14.62114; 2.7; 0.79; 20.2;a  ;      11;DES J030945.07-143716.1
DESJ0309-3805 ;343290165;047.33576;-38.09604; 2.7; 0.62; 18.9;   ;        ;DES J030920.58-380545.7
DESJ0309-6239 ;328377991;047.32498;-62.66179; 2.3; 0.44; 18.7;   ;        ;DES J030917.99-623942.4
DESJ0310-0903 ;342955143;047.52242;-09.05404; 2.0; 0.61; 19.4;   ;        ;DES J031005.38-090314.5
DESJ0310-4647 ;345606854;047.63526;-46.78398; 2.7; 0.71; 19.1;b  ;     1,2;[DBL2017] DES J0310-4647 (A)
DESJ0311-2601 ;329906936;047.77324;-26.01778; 2.7; 0.94; 20.5;   ;        ;DES J031105.57-260104.0
DESJ0311-4232 ;340768337;047.86322;-42.53863; 2.7; 0.37; 17.5;   ;        ;DES J031127.17-423219.0
DESJ0313-2006 ;327373298;048.29103;-20.10875; 2.3; 0.80; 19.8;   ;        ;DES J031309.84-200631.5
DESJ0313-3610 ;382872932;048.40598;-36.17775; 3.0; 0.40; 20.5;d  ;        ;DES J031337.43-361039.9
DESJ0314-2127 ;382406538;048.64811;-21.46665; 2.3; 0.45; 17.8;d  ;        ;DES J031435.54-212759.9
DESJ0314-2841 ;339342483;048.57753;-28.69899; 2.3; 0.54; 19.1;   ;        ;DES J031418.60-284156.3
DESJ0315-6220 ;348227502;048.93026;-62.34321; 2.0; 0.51; 19.1;   ;        ;DES J031543.26-622035.5
DESJ0316-2236 ;346057868;049.16179;-22.60925; 3.0; 0.79; 19.6;   ;        ;DES J031638.82-223633.3
DESJ0317-2118 ;347820479;049.42391;-21.30499; 2.7; 0.48; 18.1;d  ;        ;DES J031741.73-211817.9
DESJ0317-2625 ;349590200;049.29261;-26.42107; 2.0; 0.76; 20.3;   ;        ;DES J031710.22-262515.8
DESJ0318-1942 ;348794656;049.62499;-19.70766; 2.0; 0.64; 19.4;   ;        ;DES J031829.99-194227.5
DESJ0319-1734 ;351516752;049.92199;-17.56790; 3.0; 0.68; 20.1;   ;        ;DES J031941.27-173404.4
DESJ0319-4759 ;354488458;049.99213;-47.98763; 2.0; 0.48; 19.3;   ;        ;DES J031958.11-475915.4
DESJ0319-5318 ;348242739;049.75905;-53.30547; 2.0; 0.43; 17.7;a  ;       1;[DBL2017] DES J0319-5318 (A)
DESJ0319-5751 ;354864135;049.90701;-57.85219; 2.7; 0.54; 19.2;   ;        ;DES J031937.68-575107.8
DESJ0320-1624 ;352008867;050.15414;-16.40618; 3.0; 0.59; 19.6;   ;        ;DES J032036.99-162422.2
DESJ0320-3119 ;355312277;050.06689;-31.32149; 2.0; 0.75; 19.5;   ;        ;DES J032016.05-311917.3
DESJ0320-4159 ;349979646;050.11682;-41.98881; 2.7; 0.66; 19.1;   ;        ;DES J032028.03-415919.7
DESJ0321-1530 ;353748149;050.35660;-15.50098; 2.7; 0.62; 19.5;   ;        ;DES J032125.58-153003.5
DESJ0322-2339 ;355712108;050.67685;-23.66524; 2.3; 0.54; 19.4;   ;        ;DES J032242.44-233954.8
DESJ0322-3946 ;358893159;050.71632;-39.76936; 2.7; 0.85; 20.3;   ;        ;DES J032251.91-394609.6
DESJ0322-4224 ;358251063;050.59429;-42.40605; 2.3; 0.57; 19.3;   ;        ;DES J032222.62-422421.7
DESJ0322-5234 ;359440586;050.56837;-52.57790; 3.0; 0.46; 18.0;a  ;       1;[DBL2017] DES J0322-5234 (A)
DESJ0324-3556 ;359347789;051.02925;-35.93638; 2.0; 0.38; 17.6;   ;        ;DES J032407.02-355610.9
DESJ0326-4812 ;362343856;051.51215;-48.20995; 2.0; 0.43; 17.7;d  ;        ;DES J032602.91-481235.8
DESJ0326-5645 ;361461421;051.62299;-56.76170; 2.7; 0.68; 20.2;a  ;       1;[DBL2017] DES J0326-5645 (A)
DESJ0327-1326 ;360253469;051.86318;-13.43961; 3.0; 0.56; 19.0;b  ;        ;DES J032727.16-132622.5
DESJ0327-3246 ;361760653;051.79729;-32.77616; 2.7; 0.65; 19.0;   ;        ;DES J032711.34-324634.1
DESJ0328-2140 ;362669813;052.05660;-21.67208; 2.3; 0.59; 18.2;b  ;        ;DES J032813.58-214019.4
DESJ0328-3833 ;361724422;052.24989;-38.55273; 2.3; 0.41; 18.3;   ;        ;DES J032859.97-383309.8
DESJ0328-4029 ;363968737;052.00516;-40.49922; 2.0; 0.51; 19.2;   ;        ;DES J032801.23-402957.1
DESJ0329-5656 ;361472987;052.26624;-56.94944; 2.7; 0.40; 17.3;   ;        ;DES J032903.89-565657.9
DESJ0330-2127 ;362656939;052.62838;-21.45315; 2.0; 0.72; 20.0;d  ;        ;DES J033030.81-212711.3
DESJ0330-5228 ;368913139;052.73718;-52.47028; 2.5; 0.46; 17.7;b  ;     1,2;DES J033056.92-522813.0
DESJ0332-1325 ;365125003;053.01064;-13.41950; 2.3; 0.64; 20.2;d  ;        ;DES J033202.55-132510.2
DESJ0333-1440 ;366164591;053.48320;-14.66914; 2.2; 0.53; 18.5;b  ;        ;DES J033355.96-144008.9
DESJ0333-1837 ;366216886;053.41061;-18.61902; 2.0; 0.26; 20.2;   ;        ;DES J033338.54-183708.4
DESJ0334-1838 ;366217976;053.74324;-18.64403; 2.7; 0.51; 19.1;   ;        ;DES J033458.37-183838.5
DESJ0334-2634 ;367701604;053.74703;-26.57546; 2.0; 0.44; 17.7;d  ;        ;DES J033459.28-263431.6
DESJ0334-4817 ;367248708;053.54557;-48.28704; 2.0; 0.50; 18.3;a  ;       1;[DBL2017] DES J0334-4817 (A)
DESJ0334-4940 ;368398173;053.58416;-49.67789; 2.0; 0.66; 19.1;   ;        ;DES J033420.19-494040.4
DESJ0334-6034 ;368841941;053.74437;-60.58056; 2.3; 0.58; 18.3;   ;        ;DES J033458.64-603450.0
DESJ0336-2021 ;367624957;054.17408;-20.35310; 2.0; 0.65; 19.6;b  ;        ;DES J033641.77-202111.1
DESJ0336-3812 ;368270048;054.11897;-38.20245; 2.0; 0.45; 18.6;   ;        ;DES J033628.55-381208.8
DESJ0337-3152 ;370414914;054.32183;-31.87043; 3.0; 0.47; 18.6;   ;        ;DES J033717.23-315213.5
DESJ0338-1619 ;371619216;054.69029;-16.32305; 2.7; 0.70; 19.7;   ;        ;DES J033845.66-161922.9
DESJ0339-5830 ;370944473;054.77706;-58.50469; 2.3; 0.36; 17.2;   ;        ;DES J033906.49-583016.8
DESJ0340-2533 ;374318639;055.08904;-25.55837; 2.7; 0.67; 19.5;d  ;        ;DES J034021.36-253330.1
DESJ0341-5130 ;374811766;055.37833;-51.51241; 2.7; 0.42; 19.0;a  ;       1;[DBL2017] DES J0341-5130 (A)
DESJ0342-5355 ;374878192;055.51920;-53.92059; 3.0; 0.63; 18.4;a,d;       1;[DBL2017] DES J0342-5355 (A)
DESJ0344-4447 ;378734502;056.14624;-44.79555; 3.0; 0.81; 20.1;   ;        ;DES J034435.09-444743.9
DESJ0345-2459 ;378104707;056.36640;-24.98848; 3.0; 0.47; 19.3;   ;        ;DES J034527.93-245918.5
DESJ0347-2454 ;378100572;056.93556;-24.90874; 3.0; 0.57; 19.2;   ;        ;DES J034744.53-245431.4
DESJ0347-3158 ;424959030;056.95311;-31.98063; 2.3; 0.38; 17.5;d  ;        ;DES J034748.74-315850.2
DESJ0347-3647 ;380333963;056.93924;-36.79364; 2.3; 0.61; 19.2;   ;        ;DES J034745.41-364737.1
DESJ0347-4535 ;379955716;056.80535;-45.58500; 3.0; 0.66; 19.0;a  ;       1;[DBL2017] DES J0347-4535 (A)
DESJ0348-1306 ;379862967;057.14437;-13.11303; 2.0; 0.59; 18.4;d  ;        ;DES J034834.64-130646.9
DESJ0348-2145 ;379404679;057.00965;-21.75082; 3.0; 0.43; 17.2;   ;        ;DES J034802.31-214502.9
DESJ0348-2655 ;379292496;057.02437;-26.92048; 2.0; 0.37; 17.6;   ;        ;DES J034805.84-265513.7
DESJ0349-1500 ;382692058;057.45008;-15.00234; 2.3; 0.37; 17.3;   ;        ;DES J034948.01-150008.4
DESJ0349-4857 ;380145919;057.33127;-48.95926; 3.0; 0.65; 18.8;a  ;       1;[DBL2017] DES J0349-4857 (A)
DESJ0350-4824 ;381150466;057.70236;-48.40619; 2.3; 0.78; 20.1;   ;        ;DES J035048.56-482422.2
DESJ0352-3825 ;385542120;058.17670;-38.42915; 3.0; 0.54; 18.4;   ;        ;DES J035242.40-382544.9
DESJ0353-1706 ;386508843;058.44268;-17.11090; 3.0; 0.60; 19.2;   ;        ;DES J035346.24-170639.2
DESJ0354-1609 ;386476783;058.57614;-16.16450; 2.7; 0.63; 18.7;   ;        ;DES J035418.27-160952.2
DESJ0354-2420 ;386408997;058.69798;-24.33749; 3.0; 0.66; 19.5;   ;        ;DES J035447.51-242014.9
DESJ0356-1457 ;386858139;059.21895;-14.96632; 2.3; 0.55; 19.4;   ;        ;DES J035652.54-145758.7
DESJ0356-2408 ;386397276;059.20438;-24.14476; 3.0; 0.48; 18.7;   ;        ;DES J035649.05-240841.1
DESJ0356-5607 ;392535235;059.02600;-56.12484; 2.0; 0.48; 17.6;d  ;        ;DES J035606.24-560729.4
DESJ0357-5810 ;482065451;059.40346;-58.18149; 2.7; 0.61; 18.5;a  ;       1;[DBL2017] DES J0357-5810 (A)
DESJ0357-5951 ;386543661;059.33565;-59.86512; 2.3; 0.58; 19.3;   ;        ;DES J035720.55-595154.4
DESJ0358-2950 ;387200923;059.53509;-29.84965; 2.0; 0.40; 18.3;   ;        ;DES J035808.42-295058.7
DESJ0402-2205 ;484107721;060.52380;-22.09897; 3.0; 0.49; 19.3;d  ;        ;DES J040205.71-220556.2
DESJ0402-5258 ;482528109;060.73983;-52.97845; 2.0; 0.87; 20.5;a  ;       1;DES J040257.55-525842.4
DESJ0403-1512 ;486502907;060.80335;-15.21602; 2.0; 0.65; 19.9;   ;        ;DES J040312.80-151257.6
DESJ0403-5432 ;488465172;060.84466;-54.54363; 3.0; 0.75; 19.7;   ;        ;DES J040322.71-543237.0
DESJ0406-2646 ;484389531;061.60206;-26.77362; 3.0; 1.54; 20.3;   ;        ;DES J040624.49-264625.0
DESJ0407-5713 ;389992748;061.81508;-57.21756; 2.7; 0.40; 17.8;d  ;        ;DES J040715.61-571303.2
DESJ0408-5354 ;488067795;062.09132;-53.90026; 2.7; 0.04; 19.5;a  ;    1,12;DES J040821.91-535400.9
DESJ0410-3037 ;406431056;062.55545;-30.62385; 2.0; 0.73; 19.8;   ;        ;DES J041013.30-303725.8
DESJ0411-2256 ;398879866;062.78340;-22.94312; 2.3; 0.57; 19.8;   ;        ;DES J041108.01-225635.2
DESJ0411-3144 ;397635797;062.95688;-31.74853; 2.7; 0.78; 20.3;   ;        ;DES J041149.65-314454.7
DESJ0411-4819 ;400940211;062.79569;-48.32768; 2.7; 0.46; 17.7;a,c;    1,13;[BRS2016] J041110.98-481939.3
DESJ0411-5107 ;403494207;062.92814;-51.12636; 2.3; 0.48; 17.8;   ;        ;DES J041142.74-510734.9
DESJ0412-1954 ;401080659;063.16191;-19.90303; 2.7; 0.64; 19.5;c  ;        ;DES J041238.85-195410.9
DESJ0412-2646 ;402142279;063.17877;-26.77565; 2.3; 0.43; 17.1;   ;        ;DES J041242.90-264632.3
DESJ0413-2344 ;400295190;063.42129;-23.73947; 2.0; 0.71; 19.4;   ;        ;DES J041341.10-234422.0
DESJ0415-4012 ;398187423;063.91078;-40.20893; 2.0; 0.55; 19.7;   ;        ;DES J041538.58-401232.1
DESJ0415-4143 ;402556287;063.93554;-41.72949; 2.3; 0.75; 19.2;d  ;        ;DES J041544.52-414346.1
DESJ0416-5525 ;496377974;064.18671;-55.41675; 2.7; 0.43; 17.6;a,d;       1;DES J041644.80-552500.3
DESJ0416-5908 ;401596916;064.16482;-59.14804; 2.3; 0.53; 19.1;   ;        ;DES J041639.55-590852.9
DESJ0418-5457 ;406587770;064.54117;-54.95973; 2.7; 0.53; 19.6;a  ;       1;[DBL2017] DES J0418-5457 (A)
DESJ0418-6125 ;496621301;064.60748;-61.42413; 2.3; 0.38; 17.5;   ;        ;DES J041825.79-612526.8
DESJ0419-2959 ;495663192;064.77709;-29.99383; 2.0; 0.91; 20.3;   ;        ;DES J041906.50-295937.7
DESJ0420-5422 ;498547848;065.17820;-54.37706; 2.0; 0.73; 19.8;   ;        ;DES J042042.76-542237.4
DESJ0422-2132 ;496451011;065.57590;-21.54608; 3.0; 0.64; 19.3;   ;        ;DES J042218.21-213245.8
DESJ0422-4031 ;498968361;065.60553;-40.53217; 3.0; 0.41; 17.9;d  ;        ;DES J042225.32-403155.8
DESJ0424-3317 ;498603518;066.16119;-33.29491; 3.0; 0.62; 18.2;c  ;        ;DES J042438.68-331741.6
DESJ0428-3218 ;499443386;067.06771;-32.30001; 2.3; 0.71; 19.4;   ;        ;DES J042816.25-321800.0
DESJ0429-2243 ;469427390;067.37815;-22.73322; 2.3; 0.66; 19.6;   ;        ;DES J042930.75-224359.5
DESJ0429-2826 ;505469261;067.28763;-28.43800; 2.0; 0.47; 18.5;   ;        ;DES J042909.03-282616.8
DESJ0429-6011 ;470193950;067.39444;-60.19064; 2.3; 1.06; 20.2;   ;        ;DES J042934.66-601126.3
DESJ0430-2051 ;469242961;067.59246;-20.85277; 2.0; 0.62; 19.5;   ;        ;DES J043022.19-205109.9
DESJ0431-4317 ;505813589;067.92345;-43.29463; 2.0; 0.55; 19.5;   ;        ;DES J043141.62-431740.6
DESJ0431-5422 ;469937250;067.84590;-54.37902; 2.3; 0.55; 19.3;   ;        ;DES J043123.01-542244.4
DESJ0433-2714 ;469726289;068.26475;-27.23982; 2.7; 0.53; 19.6;   ;        ;DES J043303.54-271423.3
DESJ0433-4456 ;470414267;068.45305;-44.93493; 2.0; 0.60; 19.6;   ;        ;DES J043348.73-445605.7
DESJ0437-5136 ;508636686;069.45059;-51.60777; 2.3; 0.59; 19.6;   ;        ;DES J043748.14-513627.9
DESJ0437-6428 ;490781756;069.31460;-64.47504; 2.3; 0.44; 17.8;   ;        ;DES J043715.50-642830.1
DESJ0437-6502 ;497809494;069.48652;-65.03786; 2.3; 0.63; 18.7;   ;        ;DES J043756.76-650216.2
DESJ0438-3228 ;490038071;069.52573;-32.48116; 2.0; 0.40; 17.3;   ;        ;DES J043806.17-322852.1
DESJ0441-4314 ;496058773;070.37184;-43.23723; 2.7; 0.51; 19.3;   ;        ;DES J044129.24-431414.0
DESJ0442-2920 ;495043677;070.62357;-29.34467; 2.3; 0.57; 19.3;   ;        ;DES J044229.65-292040.8
DESJ0442-6257 ;506943132;070.70370;-62.95143; 2.0; 0.45; 19.7;d  ;        ;DES J044248.88-625705.1
DESJ0443-2026 ;497282912;070.79929;-20.44658; 2.7; 0.66; 19.2;   ;        ;DES J044311.82-202647.6
DESJ0443-6228 ;506890546;070.93285;-62.46824; 2.3; 0.65; 19.9;   ;        ;DES J044343.88-622805.6
DESJ0446-2001 ;503213475;071.56238;-20.02854; 2.3; 0.43; 18.4;d  ;        ;DES J044614.97-200142.7
DESJ0446-2714 ;503055747;071.66670;-27.24653; 2.3; 0.63; 18.9;   ;        ;DES J044640.00-271447.5
DESJ0448-5807 ;503582193;072.02201;-58.12258; 3.0; 0.42; 18.3;a  ;       1;DES J044805.28-580721.3
DESJ0449-2918 ;479366135;072.28966;-29.30456; 2.0; 0.60; 18.6;   ;        ;DES J044909.51-291816.4
DESJ0450-5715 ;481189495;072.53670;-57.25556; 3.0; 0.42; 17.9;a  ;       1;[DBL2017] DES J0450-5715 (A)
DESJ0452-3540 ;486595893;073.12391;-35.67423; 2.0; 0.61; 19.1;   ;        ;DES J045229.73-354027.2
DESJ0453-5535 ;487409539;073.38443;-55.59106; 2.0; 0.36; 17.6;   ;        ;DES J045332.26-553527.8
DESJ0454-6234 ;408367693;073.68189;-62.56679; 2.7; 0.64; 20.0;   ;        ;DES J045443.65-623400.4
DESJ0455-2530 ;397694347;073.90302;-25.51280; 2.7; 0.44; 17.7;b  ;        ;DES J045536.72-253046.0
DESJ0456-2946 ;398369563;074.16540;-29.77272; 2.7; 0.46; 18.5;   ;        ;DES J045639.69-294621.7
DESJ0457-3549 ;394429819;074.39074;-35.83147; 2.0; 0.69; 19.5;d  ;        ;DES J045733.77-354953.2
DESJ0457-4115 ;394973892;074.42190;-41.25687; 2.0; 0.50; 18.8;d  ;        ;DES J045741.25-411524.7
DESJ0457-4331 ;399018963;074.46276;-43.52617; 2.7; 0.78; 19.7;   ;        ;DES J045751.06-433134.2
DESJ0458-4045 ;394868723;074.69941;-40.75106; 2.0; 0.49; 19.1;   ;        ;DES J045847.85-404503.8
DESJ0459-2045 ;395472372;074.75610;-20.75189; 2.7; 0.68; 19.4;   ;        ;DES J045901.46-204506.8
DESJ0501-5054 ;397556846;075.27780;-50.91315; 2.7; 0.53; 19.5;   ;        ;DES J050106.67-505447.3
DESJ0502-5828 ;409607810;075.66420;-58.47481; 2.7; 0.43; 18.6;   ;        ;DES J050239.40-582829.3
DESJ0503-3553 ;405612468;075.76990;-35.88520; 2.7; 0.68; 19.2;   ;        ;DES J050304.77-355306.7
DESJ0504-3548 ;405607557;076.07334;-35.80170; 2.0; 0.73; 19.6;   ;        ;DES J050417.60-354806.1
DESJ0505-4611 ;410418835;076.26967;-46.19931; 2.0; 0.63; 19.4;   ;        ;DES J050504.72-461157.5
DESJ0505-6149 ;412242213;076.44598;-61.83072; 2.3; 0.77; 20.0;   ;        ;DES J050547.03-614950.5
DESJ0506-2049 ;412357300;076.50219;-20.81680; 2.3; 0.61; 19.5;   ;        ;DES J050600.52-204900.4
DESJ0506-4220 ;412598534;076.73095;-42.34575; 2.7; 0.43; 18.0;d  ;        ;DES J050655.42-422044.7
DESJ0507-5348 ;412809087;076.94602;-53.81148; 2.0; 0.44; 18.2;d  ;        ;DES J050747.04-534841.3
DESJ0508-2144 ;413900270;077.20527;-21.74187; 2.7; 0.73; 18.9;d  ;        ;DES J050849.26-214430.7
DESJ0508-2746 ;414408351;077.17749;-27.77706; 2.7; 0.70; 20.1;   ;        ;DES J050842.59-274637.4
DESJ0509-5342 ;412802769;077.33914;-53.70351; 2.5; 0.45; 18.3;b  ;     1,2;SMH J050921.3-534212.2
DESJ0510-3232 ;415264664;077.55331;-32.53492; 2.7; 0.51; 18.5;   ;        ;DES J051012.79-323205.7
DESJ0510-5637 ;416330172;077.55490;-56.63171; 2.7; 0.56; 19.0;a  ;       1;DES J051013.16-563754.1
DESJ0511-3134 ;413601266;077.82017;-31.57560; 2.3; 0.84; 19.6;   ;        ;DES J051116.84-313432.1
DESJ0512-5041 ;414671694;078.00324;-50.68968; 2.7; 0.80; 20.4;   ;        ;DES J051200.77-504122.8
DESJ0513-3847 ;415684203;078.25092;-38.79534; 3.0; 0.42; 17.2;   ;        ;DES J051300.22-384743.2
DESJ0514-5456 ;423087260;078.53033;-54.94835; 2.0; 0.89; 20.2;   ;        ;DES J051407.27-545654.0
DESJ0516-2208 ;421153300;079.01322;-22.14642; 2.0; 0.74; 18.9;   ;        ;DES J051603.17-220847.1
DESJ0516-4416 ;425110323;079.17349;-44.27903; 2.7; 0.70; 19.9;   ;        ;DES J051641.63-441644.5
DESJ0522-6036 ;432182051;080.58806;-60.60666; 2.7; 0.38; 17.0;   ;        ;DES J052221.13-603623.9
DESJ0524-2721 ;495171666;081.09859;-27.35316; 2.3; 0.38; 17.3;   ;        ;DES J052423.66-272111.3
DESJ0525-4424 ;431878468;081.36681;-44.40375; 2.3; 0.54; 19.2;a  ;       1;[DBL2017] DES J0525-4424 (A)
DESJ0528-3811 ;434441869;082.13907;-38.19495; 2.0; 0.66; 19.8;   ;        ;DES J052833.37-381141.8
DESJ0530-6109 ;437004264;082.51363;-61.16180; 2.0; 0.50; 19.4;   ;        ;DES J053003.27-610942.4
DESJ0531-3158 ;435151688;082.92694;-31.98092; 2.0; 0.56; 18.7;   ;        ;DES J053142.46-315851.3
DESJ0533-2536 ;436520077;083.45553;-25.61511; 3.0; 0.71; 19.8;   ;        ;DES J053349.32-253654.3
DESJ0534-5347 ;476312399;083.68678;-53.78785; 2.7; 0.46; 18.4;   ;        ;DES J053444.82-534716.2
DESJ0536-5338 ;441387666;084.02185;-53.64641; 2.7; 0.75; 19.6;a  ;        ;[DBL2017] DES J0536-5338 (A)
DESJ0537-4647 ;440192267;084.35163;-46.78401; 2.0; 0.41; 18.0;   ;        ;DES J053724.39-464702.4
DESJ0537-4711 ;442349695;084.44091;-47.18897; 2.3; 0.45; 17.4;a  ;       1;[DBL2017] DES J0537-4711 (A)
DESJ0538-4735 ;440626159;084.51923;-47.58715; 3.0; 0.64; 19.5;a  ;       1;[DBL2017] DES J0538-4735 (A)
DESJ0542-5949 ;446496955;085.60111;-59.83305; 2.3; 0.82; 20.0;   ;        ;DES J054224.26-594958.9
DESJ0543-3034 ;443691408;085.99182;-30.58041; 2.3; 0.46; 18.6;   ;        ;DES J054358.03-303449.4
DESJ0543-3752 ;443873820;085.75861;-37.87701; 2.3; 0.54; 19.3;d  ;        ;DES J054302.06-375237.2
DESJ0546-2000 ;445925268;086.52108;-20.00709; 2.3; 0.68; 18.9;   ;        ;DES J054605.05-200025.5
DESJ0546-3329 ;446691881;086.61455;-33.48964; 2.3; 0.46; 18.5;d  ;        ;DES J054627.49-332922.7
DESJ0553-2853 ;455705762;088.29686;-28.89357; 2.0; 0.73; 19.8;   ;        ;DES J055311.24-285336.8
DESJ0554-2238 ;460703862;088.60108;-22.63505; 2.0; 0.45; 20.1;b  ;        ;DES J055424.25-223806.1
DESJ0557-4159 ;448420913;089.39342;-41.99730; 2.7; 0.58; 19.9;d  ;        ;DES J055734.42-415950.2
DESJ0559-3540 ;449284676;089.95629;-35.67013; 2.0; 0.69; 19.9;   ;        ;DES J055949.50-354012.4
DESJ0602-4524 ;454651910;090.69522;-45.41200; 3.0; 0.53; 18.6;a,d;       1;[DBL2017] DES J0602-4524 (A)
DESJ0612-3920 ;461287032;093.11443;-39.34343; 2.0; 0.51; 19.1;   ;        ;DES J061227.46-392036.3
DESJ0613-5552 ;464163629;093.30138;-55.87347; 2.7; 0.81; 20.4;   ;        ;DES J061312.33-555224.4
DESJ0620-5628 ;467246294;095.07919;-56.48287; 2.7; 0.61; 19.4;   ;        ;DES J062019.00-562858.3
DESJ0624-4709 ;467288040;096.06586;-47.16168; 2.7; 0.84; 19.9;d  ;        ;DES J062415.80-470942.0
DESJ0625-4526 ;466018111;096.25055;-45.43576; 2.7; 0.60; 18.9;a  ;       1;[DBL2017] DES J0625-4526 (A)
DESJ0626-5730 ;467900153;096.59632;-57.50837; 2.7; 0.72; 18.8;   ;        ;DES J062623.11-573030.1
DESJ0628-5023 ;467004961;097.03929;-50.39994; 2.0; 0.44; 18.1;   ;        ;DES J062809.42-502359.7
DESJ2014-5757 ;166130477;303.58076;-57.95041; 3.0; 0.80; 20.0;d  ;        ;DES J201419.38-575701.4
DESJ2025-4204 ;166736956;306.32627;-42.08248; 2.0; 0.71; 20.2;b  ;        ;DES J202518.30-420456.9
DESJ2028-5231 ;170303276;307.23246;-52.52177; 3.0; 0.66; 19.7;   ;        ;DES J202855.79-523118.3
DESJ2039-5459 ;174184226;309.79778;-54.99594; 2.7; 0.17; 21.0;a  ;       1;DES J203911.46-545945.3
DESJ2045-6344 ;218602325;311.29752;-63.74792; 2.0; 0.48; 17.9;   ;        ;DES J204511.40-634452.5
DESJ2051-6450 ;179178262;312.99332;-64.84365; 2.0; 0.62; 20.0;   ;        ;DES J205158.39-645037.1
DESJ2053-5046 ;242818860;313.28612;-50.78121; 2.3; 0.70; 20.7;d  ;        ;DES J205308.66-504652.3
DESJ2056-4238 ;186351000;314.06590;-42.64923; 2.7; 0.71; 20.4;   ;        ;DES J205615.81-423857.2
DESJ2101-5629 ;236804532;315.25851;-56.49656; 2.0; 0.41; 18.7;   ;        ;DES J210102.04-562947.6
DESJ2105-4934 ;187548006;316.27045;-49.57829; 2.0; 0.51; 18.2;   ;        ;DES J210504.90-493441.8
DESJ2106-4411 ;188387027;316.52989;-44.19821; 2.7; 0.46; 18.5;d  ;        ;DES J210607.17-441153.5
DESJ2106-5402 ;184661871;316.64790;-54.04109; 2.0; 0.42; 17.8;d  ;        ;DES J210635.49-540227.9
DESJ2110-5639 ;185701755;317.52247;-56.65849; 2.7; 0.59; 18.3;a,d;       1;[DBL2017] DES J2110-5639 (A)
DESJ2112+0009 ;188723770;318.17974;+00.15577; 2.7; 0.59; 18.4;   ;        ;DES J211243.13+000920.7
DESJ2113-0114 ;192966022;318.48453;-01.24069; 2.7; 0.53; 18.9;a  ;       1;[DBL2017] DES J2113-0114 (A)
DESJ2116-5947 ;193746022;319.11382;-59.78382; 3.0; 0.48; 17.8;   ;        ;DES J211627.31-594701.7
DESJ2117-0056 ;196646767;319.34830;-00.94774; 2.3; 0.53; 17.8;d  ;        ;DES J211723.59-005651.8
DESJ2118-4317 ;193632443;319.60728;-43.29433; 2.3; 0.51; 19.2;   ;        ;DES J211825.74-431739.5
DESJ2119-0009 ;195317995;319.83958;-00.16294; 2.3; 0.54; 20.0;   ;        ;DES J211921.49-000946.5
DESJ2122-4250 ;196144920;320.55153;-42.84999; 2.0; 0.62; 19.1;   ;        ;DES J212212.36-425059.9
DESJ2124-4128 ;197645134;321.19662;-41.47104; 2.3; 0.63; 19.0;d  ;        ;DES J212447.18-412815.7
DESJ2125-6504 ;191159999;321.30012;-65.07408; 3.0; 0.78; 19.4;d  ;        ;DES J212512.02-650426.6
DESJ2126-0058 ;199596977;321.71310;-00.97425; 2.0; 0.60; 19.6;   ;        ;DES J212651.14-005827.3
DESJ2127-5149 ;198186510;321.77933;-51.83083; 3.0; 0.77; 19.3;a,d;       1;[DBL2017] DES J2127-5149 (A)
DESJ2130+0159 ;198514358;322.69589;+01.99907; 2.3; 0.69; 19.6;   ;        ;DES J213047.01+015956.6
DESJ2131-4019 ;203401336;322.77049;-40.32251; 2.2; 0.45; 17.7;b  ;        ;DES J213104.91-401921.0
DESJ2131-4655 ;204721418;322.98474;-46.92895; 2.0; 0.71; 19.7;   ;        ;DES J213156.33-465544.2
DESJ2132-4305 ;200096605;323.07334;-43.09307; 2.0; 0.50; 18.7;   ;        ;DES J213217.60-430535.0
DESJ2137-0129 ;208765710;324.49176;-01.48996; 2.7; 0.41; 18.2;   ;        ;DES J213758.02-012923.8
DESJ2139-4251A;244329751;324.78020;-42.86152; 2.3; 0.46; 19.5;b  ;        ;DES J213907.24-425141.4
DESJ2140-0149 ;207661829;325.21674;-01.82716; 2.3; 0.67; 19.2;   ;        ;DES J214052.01-014937.7
DESJ2140-4207 ;212627230;325.02644;-42.12956; 2.7; 0.56; 19.4;   ;        ;DES J214006.34-420746.4
DESJ2144-4149 ;242604259;326.22656;-41.83128; 2.0; 0.37; 17.2;   ;        ;DES J214454.37-414952.6
DESJ2145-4306 ;214625101;326.44328;-43.11370; 2.0; 0.51; 18.9;   ;        ;DES J214546.38-430649.3
DESJ2149-0012 ;215694905;327.31380;-00.21431; 2.0; 0.64; 18.0;a  ;       1;2SLAQ J214915.31-001251.7
DESJ2152-5250 ;243367339;328.22047;-52.83500; 2.3; 0.65; 19.1;   ;        ;DES J215252.91-525006.0
DESJ2159-4307 ;245879871;329.77985;-43.12946; 2.2; 0.39; 16.2;b  ;        ;DES J215907.16-430746.0
DESJ2200-4128 ;247210752;330.18545;-41.47227; 2.3; 0.56; 19.8;a  ;       2;DES J220044.50-412820.1
DESJ2201-6047 ;247165409;330.27719;-60.78407; 2.3; 0.48; 18.1;d  ;        ;DES J220106.52-604702.6
DESJ2203-6408 ; 70905032;330.89934;-64.13907; 2.3; 0.69; 19.4;   ;        ;DES J220335.84-640820.6
DESJ2211-5438 ; 76343894;332.98655;-54.64442; 2.3; 0.64; 19.3;   ;        ;DES J221156.77-543839.9
DESJ2212-4128 ; 75848635;333.02475;-41.47315; 2.0; 0.37; 18.0;   ;        ;DES J221205.94-412823.3
DESJ2215-0138 ; 75042870;333.96727;-01.63723; 2.0; 0.65; 19.0;d  ;        ;DES J221552.14-013814.0
DESJ2216-4419 ; 76102671;334.15922;-44.32216; 2.7; 0.63; 18.2;   ;        ;DES J221638.21-441919.7
DESJ2218-4504 ; 75469120;334.74019;-45.07379; 2.3; 0.65; 18.9;   ;        ;DES J221857.64-450425.6
DESJ2219-4348 ; 80103224;334.80166;-43.80975; 3.0; 0.71; 19.1;   ;        ;DES J221912.39-434835.1
DESJ2219-4504 ; 75469581;334.80513;-45.08072; 2.0; 0.72; 19.5;   ;        ;DES J221913.23-450450.5
DESJ2220-5949 ; 80012526;335.21651;-59.82418; 2.0; 0.55; 19.4;   ;        ;DES J222051.96-594927.0
DESJ2226+0041 ; 82782545;336.53876;+00.69504; 2.7; 0.74; 19.4;a  ;    1,19;[DBL2017] DES J2226+0041 (A)
DESJ2226-4636 ; 84960890;336.62064;-46.60151; 2.3; 0.48; 18.4;   ;        ;DES J222628.95-463605.4
DESJ2228-4650 ; 83291276;337.14677;-46.83995; 2.0; 0.37; 19.9;b  ;        ;DES J222835.22-465023.8
DESJ2232-5959 ; 84477903;338.14086;-59.99810; 2.0; 0.65; 18.5;a  ;       2;[BRS2016] J223233.83-595953.1
DESJ2234-4110 ; 88791681;338.58932;-41.17777; 2.7; 0.47; 18.8;   ;        ;DES J223421.43-411039.9
DESJ2238-4317 ; 96933817;339.71254;-43.29173; 2.3; 0.65; 19.4;   ;        ;DES J223851.00-431730.2
DESJ2245-5017 ;100785152;341.26572;-50.29037; 3.0; 0.50; 19.8;   ;        ;DES J224503.77-501725.3
DESJ2248-0123 ; 98187103;342.15155;-01.39278; 2.3; 0.65; 18.5;d  ;        ;DES J224836.37-012334.0
DESJ2248-4431 ;100664389;342.18318;-44.53080; 2.7; 0.27; 16.7;b  ;     1,2;DES J224843.96-443150.8
DESJ2254-4055 ;104947647;343.51270;-40.93031; 2.7; 0.66; 19.2;a  ;       1;[DBL2017] DES J2254-4055 (A)
DESJ2255-4123 ;104511812;343.77631;-41.38895; 2.0; 0.67; 19.2;   ;        ;DES J225506.31-412320.2
DESJ2259-4504 ;106557886;344.97848;-45.08013; 2.0; 0.52; 19.1;   ;        ;DES J225954.83-450448.4
DESJ2300-4454 ;106547800;345.01328;-44.90647; 2.0; 0.50; 19.4;   ;        ;DES J230003.18-445423.2
DESJ2301-6501 ;109542319;345.40177;-65.03269; 2.0; 0.60; 19.8;   ;        ;DES J230136.42-650157.6
DESJ2303-5115 ;127551471;345.76962;-51.25050; 2.7; 0.53; 18.2;   ;        ;DES J230304.70-511501.8
DESJ2305-0002 ;112454911;346.34025;-00.03655; 3.0; 0.51; 19.0;a  ;      22;2SLAQ J230521.66-000211.7
DESJ2305-4441 ;112637264;346.36599;-44.69629; 2.3; 0.59; 19.1;d  ;        ;DES J230527.83-444146.6
DESJ2308-0211 ;113660691;347.09255;-02.19214; 2.3; 0.42; 16.7;b  ;      16;2MASX J23082221-0211315
DESJ2308-0212 ;113661583;347.10308;-02.20378; 2.3; 0.43; 17.2;b  ;      16;DES J230824.74-021213.7
DESJ2311-4546 ;124310010;347.79872;-45.78281; 2.3; 0.59; 19.0;   ;        ;DES J231111.69-454658.1
DESJ2312-4754 ;122895085;348.00185;-47.90321; 2.0; 0.63; 19.7;   ;        ;DES J231200.44-475411.5
DESJ2321-4630 ;126963595;350.36821;-46.51371; 3.0; 0.64; 18.8;a,c;       1;DES J232128.37-463049.3
DESJ2322-6409 ;129115213;350.68261;-64.16565; 3.0; 0.41; 17.5;d  ;        ;2MASX J23224355-6409548
DESJ2323-0030 ;126557178;350.94191;-00.51056; 2.0; 0.85; 20.4;   ;        ;DES J232346.05-003038.0
DESJ2325-0052 ;131224001;351.48903;-00.87407; 2.3; 0.73; 20.0;   ;        ;DES J232557.36-005226.6
DESJ2325-4111 ;130067409;351.29546;-41.19026; 2.7; 1.43; 18.7;b  ;     1,2;DES J232510.91-411124.9
DESJ2329-5328 ;135432654;352.48378;-53.47715; 2.0; 0.51; 19.0;d  ;        ;DES J232956.10-532837.7
DESJ2331+0037 ;135139282;352.87703;+00.62594; 2.0; 0.52; 19.4;a,d;      22;DES J233130.48+003733.3
DESJ2334-5715 ;136894134;353.70143;-57.25099; 2.0; 0.47; 18.5;   ;        ;DES J233448.34-571503.5
DESJ2334-6404 ;136837812;353.74665;-64.06860; 3.0; 0.72; 19.5;   ;        ;DES J233459.19-640406.9
DESJ2335-5152 ;137085303;353.96636;-51.87161; 3.0; 0.61; 18.8;a  ;       1;[DBL2017] DES J2335-5152 (A)
DESJ2336-5352 ;137565894;354.02969;-53.87662; 2.0; 0.50; 18.1;a  ;    1,17;DES J233607.13-535235.6
DESJ2337-4730 ;137735570;354.39475;-47.50669; 2.7; 0.52; 19.6;d  ;        ;DES J233734.74-473024.0
DESJ2345-4126 ;158856314;356.25481;-41.43636; 2.0; 0.65; 19.7;   ;        ;DES J234501.15-412610.8
DESJ2349-5113 ;214800683;357.37523;-51.22751; 3.0; 0.48; 17.5;a  ;       1;[DBL2017] DES J2349-5113 (A)
DESJ2351-5452 ;164741263;357.90859;-54.88168; 3.0; 0.43; 17.3;a  ; 1,14,18;DES J235138.06-545254.0
DESJ2355-6136 ;169555789;358.82982;-61.61029; 2.7; 0.53; 18.9;   ;        ;DES J235519.15-613637.0
DESJ2357-5710 ;175719968;359.32342;-57.17383; 2.3; 0.56; 19.4;   ;        ;DES J235717.62-571025.7
DESJ2358-5440 ;283922617;359.52065;-54.67623; 2.0; 0.44; 20.6;   ;        ;DES J235804.95-544034.4
DESJ2358-5638 ;184225540;359.69297;-56.64720; 2.3; 0.63; 19.6;d  ;        ;DES J235846.31-563849.9
DESJ2359-5538 ;284516950;359.75900;-55.63496; 2.0; 0.73; 19.9;d  ;        ;DES J235902.16-553805.8

